INSERT INTO pf_roles (id, name, status) VALUES
(1,'ANONYMOUS', 'ACTIVE'),
(2, 'USER', 'ACTIVE'),
(3,'ADMIN', 'ACTIVE');

INSERT INTO pf_animal_categories (id, name) VALUES
(1, 'СОБАКА'),
(2, 'КОТ'),
(3, 'РЫБКА'),
(4, 'ГРЫЗУН'),
(5, 'РЕПТИЛИЯ'),
(6, 'ПТИЦА');

INSERT INTO pf_food_types(id, type, code) VALUES
(1, 'Сухой', 1),
(2, 'Жидкий', 2);

INSERT INTO pf_dog_sizes(id, name, short_name, min_weight_kg, max_weight_kg) VALUES
(1, 'Карликовая','XS','0','2'),
(2, 'Мелкая','S','2','10'),
(3, 'Средняя','M','10','32'),
(4, 'Крупная','XL','32','99');

INSERT INTO pf_daily_food_amount (id, pet_category, adult_pet_size, animal_age_type, food_type, food_amount) VALUES
(1, 'собака', 'XS', 'BABY', 'сухой', 55),
(2, 'собака', 'XS', 'ADULT', 'сухой', 46),
(3, 'собака', 'XS', 'OLD', 'сухой', 70),
(4, 'собака', 'S', 'BABY', 'сухой', 112),
(5, 'собака', 'S', 'ADULT', 'сухой', 93),
(6, 'собака', 'S', 'OLD', 'сухой', 119),
(7, 'собака', 'M', 'BABY', 'сухой', 255),
(8, 'собака', 'M', 'ADULT', 'сухой', 235),
(9, 'собака', 'M', 'OLD', 'сухой', 260),
(10, 'собака', 'XL', 'BABY', 'сухой', 310),
(11, 'собака', 'XL', 'ADULT', 'сухой', 290),
(12, 'собака', 'XL', 'OLD', 'сухой', 330),
(13, 'собака', 'XS', 'BABY', 'жидкий', 45),
(14, 'собака', 'XS', 'ADULT', 'жидкий', 36),
(15, 'собака', 'XS', 'OLD', 'жидкий', 50),
(16, 'собака', 'S', 'BABY', 'жидкий', 92),
(17, 'собака', 'S', 'ADULT', 'жидкий', 73),
(18, 'собака', 'S', 'OLD', 'жидкий', 99),
(19, 'собака', 'M', 'BABY', 'жидкий', 235),
(20, 'собака', 'M', 'ADULT', 'жидкий', 216),
(21, 'собака', 'M', 'OLD', 'жидкий', 240),
(22, 'собака', 'XL', 'BABY', 'жидкий', 280),
(23, 'собака', 'XL', 'ADULT', 'жидкий', 270),
(24, 'собака', 'XL', 'OLD', 'жидкий', 290);

INSERT INTO pf_daily_food_amount (id, pet_category, animal_age_type, food_type, food_amount) VALUES
(25, 'кот', 'BABY', 'сухой', 35),
(26, 'кот', 'ADULT', 'сухой', 27),
(27, 'кот', 'OLD', 'сухой', 28),
(28, 'кот', 'BABY', 'жидкий', 18),
(29, 'кот', 'ADULT', 'жидкий', 15),
(30, 'кот', 'OLD', 'жидкий', 42);


INSERT INTO pf_sku_items (id, amount_in_package, animal_size, brand, ean_code, package_weight_kilos, pet_group, sku_name, taste, animal_category_id, food_type_id, grain_less, for_pregnant, for_castrated, for_great_fur_and_skin, for_great_bones_and_joints, for_sensitive_digestion, best_before_months, bestseller, description ) VALUES
(1, 5, 'XS', 'Purina', '0000000000001', 0.5, 'BABY', 'Сухой корм для собак', 'Вкус курицы', 1, 1, false,  false,  false,  false,  false,  false,  false, false, 'description here'),
(2, 5, 'XS', 'Purina', '0000000000002', 0.5, 'BABY', 'Сухой корм для собак', 'Вкус индейки', 1, 1, false,  false,  false,  false,  false,  false,  false, false, 'description here'),
(3, 5, 'XS', 'Purina', '0000000000003', 0.5, 'BABY', 'Сухой корм для собак', 'Вкус морковки', 1, 1, false,  false,  false,  false,  false,  false,  false, false, 'description here'),
(4, 5, 'XS', 'Purina', '0000000000004', 1, 'ADULT', 'Сухой корм для собак', 'Вкус ветчины', 1, 1, false,  false,  false,  false,  false,  false,  false, false, 'description here'),
(5, 5, 'XS', 'Purina', '0000000000005', 1, 'ADULT', 'Сухой корм для собак', 'Вкус морепродуктов', 1, 1, false,  false,  false,  false,  false,  false,  false, false, 'description here'),
(6, 5, 'XS', 'Purina', '0000000000006', 1, 'ADULT', 'Сухой корм для собак', 'Вкус курицы', 1, 1, false,  false,  false,  false,  false,  false,  false, false, 'description here'),
(7, 5, 'XS', 'Purina', '0000000000007', 1.5, 'OLD', 'Сухой корм для собак', 'Вкус курицы', 1, 1, false,  false,  false,  false,  false,  false,  false, false, 'description here'),
(8, 5, 'XS', 'Purina', '0000000000008', 1.5, 'OLD', 'Сухой корм для собак', 'Вкус индейки', 1, 1, false,  false,  false,  false,  false,  false,  false, false, 'description here'),
(9, 5, 'XS', 'Purina', '0000000000009', 1.5, 'OLD', 'Сухой корм для собак', 'Вкус морепродуктов', 1, 1, false,  false,  false,  false,  false,  false,  false, false, 'description here'),
(10, 5, 'S', 'Purina', '0000000000001', 0.5, 'BABY', 'Сухой корм для собак', 'Вкус курицы', 1, 1, false,  false,  false,  false,  false,  false,  false, false, 'description here'),
(11, 5, 'S', 'Purina', '0000000000002', 0.5, 'BABY', 'Сухой корм для собак', 'Вкус индейки', 1, 1, false,  false,  false,  false,  false,  false,  false, false, 'description here'),
(12, 5, 'S', 'Purina', '0000000000003', 0.5, 'BABY', 'Сухой корм для собак', 'Вкус морковки', 1, 1, false,  false,  false,  false,  false,  false,  false, false, 'description here'),
(13, 5, 'S', 'Purina', '0000000000004', 1, 'ADULT', 'Сухой корм для собак', 'Вкус ветчины', 1, 1, false,  false,  false,  false,  false,  false,  false, false, 'description here'),
(14, 5, 'S', 'Purina', '0000000000005', 1, 'ADULT', 'Сухой корм для собак', 'Вкус морепродуктов', 1, 1, false,  false,  false,  false,  false,  false,  false, false, 'description here'),
(15, 5, 'S', 'Purina', '0000000000006', 1, 'ADULT', 'Сухой корм для собак', 'Вкус курицы', 1, 1, false,  false,  false,  false,  false,  false,  false, false, 'description here'),
(16, 5, 'S', 'Purina', '0000000000007', 1.5, 'OLD', 'Сухой корм для собак', 'Вкус курицы', 1, 1, false,  false,  false,  false,  false,  false,  false, false, 'description here'),
(17, 5, 'S', 'Purina', '0000000000008', 1.5, 'OLD', 'Сухой корм для собак', 'Вкус индейки', 1, 1, false,  false,  false,  false,  false,  false,  false, false, 'description here'),
(18, 5, 'S', 'Purina', '0000000000009', 1.5, 'OLD', 'Сухой корм для собак', 'Вкус морепродуктов', 1, 1, false,  false,  false,  false,  false,  false,  false, false, 'description here'),
(19, 5, 'M', 'Purina', '0000000000001', 0.5, 'BABY', 'Сухой корм для собак', 'Вкус курицы', 1, 1, false,  false,  false,  false,  false,  false,  false, false, 'description here'),
(20, 5, 'M', 'Purina', '0000000000002', 0.5, 'BABY', 'Сухой корм для собак', 'Вкус индейки', 1, 1, false,  false,  false,  false,  false,  false,  false, false, 'description here'),
(21, 5, 'M', 'Purina', '0000000000003', 0.5, 'BABY', 'Сухой корм для собак', 'Вкус морковки', 1, 1, false,  false,  false,  false,  false,  false,  false, false, 'description here'),
(22, 5, 'M', 'Purina', '0000000000004', 1, 'ADULT', 'Сухой корм для собак', 'Вкус ветчины', 1, 1, false,  false,  false,  false,  false,  false,  false, false, 'description here'),
(23, 5, 'M', 'Purina', '0000000000005', 1, 'ADULT', 'Сухой корм для собак', 'Вкус морепродуктов', 1, 1, false,  false,  false,  false,  false,  false,  false, false, 'description here'),
(24, 5, 'M', 'Purina', '0000000000006', 1, 'ADULT', 'Сухой корм для собак', 'Вкус курицы', 1, 1, false,  false,  false,  false,  false,  false,  false, false, 'description here'),
(25, 5, 'M', 'Purina', '0000000000007', 1.5, 'OLD', 'Сухой корм для собак', 'Вкус курицы', 1, 1, false,  false,  false,  false,  false,  false,  false, false, 'description here'),
(26, 5, 'M', 'Purina', '0000000000008', 1.5, 'OLD', 'Сухой корм для собак', 'Вкус индейки', 1, 1, false,  false,  false,  false,  false,  false,  false, false, 'description here'),
(27, 5, 'M', 'Purina', '0000000000009', 1.5, 'OLD', 'Сухой корм для собак', 'Вкус морепродуктов', 1, 1, false,  false,  false,  false,  false,  false,  false, false, 'description here'),
(28, 5, 'XL', 'Purina', '0000000000001', 0.5, 'BABY', 'Сухой корм для собак', 'Вкус курицы', 1, 1, false,  false,  false,  false,  false,  false,  false, false, 'description here'),
(29, 5, 'XL', 'Purina', '0000000000002', 0.5, 'BABY', 'Сухой корм для собак', 'Вкус индейки', 1, 1, false,  false,  false,  false,  false,  false,  false, false, 'description here'),
(30, 5, 'XL', 'Purina', '0000000000003', 0.5, 'BABY', 'Сухой корм для собак', 'Вкус морковки', 1, 1, false,  false,  false,  false,  false,  false,  false, false, 'description here'),
(31, 5, 'XL', 'Purina', '0000000000004', 1, 'ADULT', 'Сухой корм для собак', 'Вкус ветчины', 1, 1, false,  false,  false,  false,  false,  false,  false, false, 'description here'),
(32, 5, 'XL', 'Purina', '0000000000005', 1, 'ADULT', 'Сухой корм для собак', 'Вкус морепродуктов', 1, 1, false,  false,  false,  false,  false,  false,  false, false, 'description here'),
(33, 5, 'XL', 'Purina', '0000000000006', 1, 'ADULT', 'Сухой корм для собак', 'Вкус курицы', 1, 1, false,  false,  false,  false,  false,  false,  false, false, 'description here'),
(34, 5, 'XL', 'Purina', '0000000000007', 1.5, 'OLD', 'Сухой корм для собак', 'Вкус курицы', 1, 1, false,  false,  false,  false,  false,  false,  false, false, 'description here'),
(35, 5, 'XL', 'Purina', '0000000000008', 1.5, 'OLD', 'Сухой корм для собак', 'Вкус индейки', 1, 1, false,  false,  false,  false,  false,  false,  false, false, 'description here'),
(36, 5, 'XL', 'Purina', '0000000000009', 1.5, 'OLD', 'Сухой корм для собак', 'Вкус морепродуктов', 1, 1, false,  false,  false,  false,  false,  false,  false, false, 'description here'),
(37, 5, 'XS', 'Royal Canin', '0000000000010', 0.5, 'BABY', 'Сухой корм для собак', 'Вкус курицы', 1, 1, false,  false,  false,  false,  false,  false,  false, false, 'description here'),
(38, 5, 'XS', 'Royal Canin', '0000000000011', 0.5, 'BABY', 'Сухой корм для собак', 'Вкус индейки', 1, 1, false,  false,  false,  false,  false,  false,  false, false, 'description here'),
(39, 5, 'XS', 'Royal Canin', '0000000000012', 0.5, 'BABY', 'Сухой корм для собак', 'Вкус морепродуктов', 1, 1, false,  false,  false,  false,  false,  false,  false, false, 'description here'),
(40, 5, 'XS', 'Royal Canin', '0000000000013', 1, 'ADULT', 'Сухой корм для собак', 'Вкус курицы', 1, 1, false,  false,  false,  false,  false,  false,  false, false, 'description here'),
(41, 5, 'XS', 'Royal Canin', '0000000000014', 1, 'ADULT', 'Сухой корм для собак', 'Вкус ветчины', 1, 1, false,  false,  false,  false,  false,  false,  false, false, 'description here'),
(42, 5, 'XS', 'Royal Canin', '0000000000015', 1, 'ADULT', 'Сухой корм для собак', 'Вкус морепродуктов', 1, 1, false,  false,  false,  false,  false,  false,  false, false, 'description here'),
(43, 5, 'XS', 'Royal Canin', '0000000000016', 1.5, 'OLD', 'Сухой корм для собак', 'Вкус ветчины', 1, 1, false,  false,  false,  false,  false,  false,  false, false, 'description here'),
(44, 5, 'XS', 'Royal Canin', '0000000000017', 1.5, 'OLD', 'Сухой корм для собак', 'Вкус курицы', 1, 1, false,  false,  false,  false,  false,  false,  false, false, 'description here'),
(45, 5, 'XS', 'Royal Canin', '0000000000018', 1.5, 'OLD', 'Сухой корм для собак', 'Вкус морепродуктов', 1, 1, false,  false,  false,  false,  false,  false,  false, false, 'description here'),
(46, 5, 'XS', 'Royal Canin', '0000000000010', 0.5, 'BABY', 'Сухой корм для собак', 'Вкус курицы', 1, 1, false,  false,  false,  false,  false,  false,  false, false, 'description here'),
(47, 5, 'S', 'Royal Canin', '0000000000011', 0.5, 'BABY', 'Сухой корм для собак', 'Вкус индейки', 1, 1, false,  false,  false,  false,  false,  false,  false, false, 'description here'),
(48, 5, 'S', 'Royal Canin', '0000000000012', 0.5, 'BABY', 'Сухой корм для собак', 'Вкус морепродуктов', 1, 1, false,  false,  false,  false,  false,  false,  false, false, 'description here'),
(49, 5, 'S', 'Royal Canin', '0000000000013', 1, 'ADULT', 'Сухой корм для собак', 'Вкус курицы', 1, 1, false,  false,  false,  false,  false,  false,  false, false, 'description here'),
(50, 5, 'S', 'Royal Canin', '0000000000014', 1, 'ADULT', 'Сухой корм для собак', 'Вкус ветчины', 1, 1, false,  false,  false,  false,  false,  false,  false, false, 'description here'),
(51, 5, 'S', 'Royal Canin', '0000000000015', 1, 'ADULT', 'Сухой корм для собак', 'Вкус морепродуктов', 1, 1, false,  false,  false,  false,  false,  false,  false, false, 'description here'),
(52, 5, 'S', 'Royal Canin', '0000000000016', 1.5, 'OLD', 'Сухой корм для собак', 'Вкус ветчины', 1, 1, false,  false,  false,  false,  false,  false,  false, false, 'description here'),
(53, 5, 'S', 'Royal Canin', '0000000000017', 1.5, 'OLD', 'Сухой корм для собак', 'Вкус курицы', 1, 1, false,  false,  false,  false,  false,  false,  false, false, 'description here'),
(54, 5, 'S', 'Royal Canin', '0000000000018', 1.5, 'OLD', 'Сухой корм для собак', 'Вкус морепродуктов', 1, 1, false,  false,  false,  false,  false,  false,  false, false, 'description here'),
(55, 5, 'M', 'Royal Canin', '0000000000010', 0.5, 'BABY', 'Сухой корм для собак', 'Вкус курицы', 1, 1, false,  false,  false,  false,  false,  false,  false, false, 'description here'),
(56, 5, 'M', 'Royal Canin', '0000000000011', 0.5, 'BABY', 'Сухой корм для собак', 'Вкус индейки', 1, 1, false,  false,  false,  false,  false,  false,  false, false, 'description here'),
(57, 5, 'M', 'Royal Canin', '0000000000012', 0.5, 'BABY', 'Сухой корм для собак', 'Вкус морепродуктов', 1, 1, false,  false,  false,  false,  false,  false,  false, false, 'description here'),
(58, 5, 'M', 'Royal Canin', '0000000000013', 1, 'ADULT', 'Сухой корм для собак', 'Вкус курицы', 1, 1, false,  false,  false,  false,  false,  false,  false, false, 'description here'),
(59, 5, 'M', 'Royal Canin', '0000000000014', 1, 'ADULT', 'Сухой корм для собак', 'Вкус ветчины', 1, 1, false,  false,  false,  false,  false,  false,  false, false, 'description here'),
(60, 5, 'M', 'Royal Canin', '0000000000015', 1, 'ADULT', 'Сухой корм для собак', 'Вкус морепродуктов', 1, 1, false,  false,  false,  false,  false,  false,  false, false, 'description here'),
(61, 5, 'M', 'Royal Canin', '0000000000016', 1.5, 'OLD', 'Сухой корм для собак', 'Вкус ветчины', 1, 1, false,  false,  false,  false,  false,  false,  false, false, 'description here'),
(62, 5, 'M', 'Royal Canin', '0000000000017', 1.5, 'OLD', 'Сухой корм для собак', 'Вкус курицы', 1, 1, false,  false,  false,  false,  false,  false,  false, false, 'description here'),
(63, 5, 'M', 'Royal Canin', '0000000000018', 1.5, 'OLD', 'Сухой корм для собак', 'Вкус морепродуктов', 1, 1, false,  false,  false,  false,  false,  false,  false, false, 'description here'),
(64, 5, 'XL', 'Royal Canin', '0000000000010', 0.5, 'BABY', 'Сухой корм для собак', 'Вкус курицы', 1, 1, false,  false,  false,  false,  false,  false,  false, false, 'description here'),
(65, 5, 'XL', 'Royal Canin', '0000000000011', 0.5, 'BABY', 'Сухой корм для собак', 'Вкус индейки', 1, 1, false,  false,  false,  false,  false,  false,  false, false, 'description here'),
(66, 5, 'XL', 'Royal Canin', '0000000000012', 0.5, 'BABY', 'Сухой корм для собак', 'Вкус морепродуктов', 1, 1, false,  false,  false,  false,  false,  false,  false, false, 'description here'),
(67, 5, 'XL', 'Royal Canin', '0000000000013', 1, 'ADULT', 'Сухой корм для собак', 'Вкус курицы', 1, 1, false,  false,  false,  false,  false,  false,  false, false, 'description here'),
(68, 5, 'XL', 'Royal Canin', '0000000000014', 1, 'ADULT', 'Сухой корм для собак', 'Вкус ветчины', 1, 1, false,  false,  false,  false,  false,  false,  false, false, 'description here'),
(69, 5, 'XL', 'Royal Canin', '0000000000015', 1, 'ADULT', 'Сухой корм для собак', 'Вкус морепродуктов', 1, 1, false,  false,  false,  false,  false,  false,  false, false, 'description here'),
(70, 5, 'XL', 'Royal Canin', '0000000000016', 1.5, 'OLD', 'Сухой корм для собак', 'Вкус ветчины', 1, 1, false,  false,  false,  false,  false,  false,  false, false, 'description here'),
(71, 5, 'XL', 'Royal Canin', '0000000000017', 1.5, 'OLD', 'Сухой корм для собак', 'Вкус курицы', 1, 1, false,  false,  false,  false,  false,  false,  false, false, 'description here'),
(72, 5, 'XL', 'Royal Canin', '0000000000018', 1.5, 'OLD', 'Сухой корм для собак', 'Вкус морепродуктов', 1, 1, false,  false,  false,  false,  false,  false,  false, false, 'description here'),
(73, 5, 'XS', 'Brit', '0000000000001', 0.5, 'BABY', 'Сухой корм для собак', 'Вкус курицы', 1, 1, false,  false,  false,  false,  false,  false,  false, false, 'description here'),
(74, 5, 'XS', 'Brit', '0000000000002', 0.5, 'BABY', 'Сухой корм для собак', 'Вкус индейки', 1, 1, false,  false,  false,  false,  false,  false,  false, false, 'description here'),
(75, 5, 'XS', 'Brit', '0000000000003', 0.5, 'BABY', 'Сухой корм для собак', 'Вкус морковки', 1, 1, false,  false,  false,  false,  false,  false,  false, false, 'description here'),
(76, 5, 'XS', 'Brit', '0000000000004', 1, 'ADULT', 'Сухой корм для собак', 'Вкус ветчины', 1, 1, false,  false,  false,  false,  false,  false,  false, false, 'description here'),
(77, 5, 'XS', 'Brit', '0000000000005', 1, 'ADULT', 'Сухой корм для собак', 'Вкус морепродуктов', 1, 1, false,  false,  false,  false,  false,  false,  false, false, 'description here'),
(78, 5, 'XS', 'Brit', '0000000000006', 1, 'ADULT', 'Сухой корм для собак', 'Вкус курицы', 1, 1, false,  false,  false,  false,  false,  false,  false, false, 'description here'),
(79, 5, 'XS', 'Brit', '0000000000007', 1.5, 'OLD', 'Сухой корм для собак', 'Вкус курицы', 1, 1, false,  false,  false,  false,  false,  false,  false, false, 'description here'),
(80, 5, 'XS', 'Brit', '0000000000008', 1.5, 'OLD', 'Сухой корм для собак', 'Вкус индейки', 1, 1, false,  false,  false,  false,  false,  false,  false, false, 'description here'),
(81, 5, 'XS', 'Brit', '0000000000009', 1.5, 'OLD', 'Сухой корм для собак', 'Вкус морепродуктов', 1, 1, false,  false,  false,  false,  false,  false,  false, false, 'description here'),
(82, 5, 'S', 'Brit', '0000000000001', 0.5, 'BABY', 'Сухой корм для собак', 'Вкус курицы', 1, 1, false,  false,  false,  false,  false,  false,  false, false, 'description here'),
(83, 5, 'S', 'Brit', '0000000000002', 0.5, 'BABY', 'Сухой корм для собак', 'Вкус индейки', 1, 1, false,  false,  false,  false,  false,  false,  false, false, 'description here'),
(84, 5, 'S', 'Brit', '0000000000003', 0.5, 'BABY', 'Сухой корм для собак', 'Вкус морковки', 1, 1, false,  false,  false,  false,  false,  false,  false, false, 'description here'),
(85, 5, 'S', 'Brit', '0000000000004', 1, 'ADULT', 'Сухой корм для собак', 'Вкус ветчины', 1, 1, false,  false,  false,  false,  false,  false,  false, false, 'description here'),
(86, 5, 'S', 'Brit', '0000000000005', 1, 'ADULT', 'Сухой корм для собак', 'Вкус морепродуктов', 1, 1, false,  false,  false,  false,  false,  false,  false, false, 'description here'),
(87, 5, 'S', 'Brit', '0000000000006', 1, 'ADULT', 'Сухой корм для собак', 'Вкус курицы', 1, 1, false,  false,  false,  false,  false,  false,  false, false, 'description here'),
(88, 5, 'S', 'Brit', '0000000000007', 1.5, 'OLD', 'Сухой корм для собак', 'Вкус курицы', 1, 1, false,  false,  false,  false,  false,  false,  false, false, 'description here'),
(89, 5, 'S', 'Brit', '0000000000008', 1.5, 'OLD', 'Сухой корм для собак', 'Вкус индейки', 1, 1, false,  false,  false,  false,  false,  false,  false, false, 'description here'),
(90, 5, 'S', 'Brit', '0000000000009', 1.5, 'OLD', 'Сухой корм для собак', 'Вкус морепродуктов', 1, 1, false,  false,  false,  false,  false,  false,  false, false, 'description here'),
(91, 5, 'M', 'Brit', '0000000000001', 0.5, 'BABY', 'Сухой корм для собак', 'Вкус курицы', 1, 1, false,  false,  false,  false,  false,  false,  false, false, 'description here'),
(92, 5, 'M', 'Brit', '0000000000002', 0.5, 'BABY', 'Сухой корм для собак', 'Вкус индейки', 1, 1, false,  false,  false,  false,  false,  false,  false, false, 'description here'),
(93, 5, 'M', 'Brit', '0000000000003', 0.5, 'BABY', 'Сухой корм для собак', 'Вкус морковки', 1, 1, false,  false,  false,  false,  false,  false,  false, false, 'description here'),
(94, 5, 'M', 'Brit', '0000000000004', 1, 'ADULT', 'Сухой корм для собак', 'Вкус ветчины', 1, 1, false,  false,  false,  false,  false,  false,  false, false, 'description here'),
(95, 5, 'M', 'Brit', '0000000000005', 1, 'ADULT', 'Сухой корм для собак', 'Вкус морепродуктов', 1, 1, false,  false,  false,  false,  false,  false,  false, false, 'description here'),
(96, 5, 'M', 'Brit', '0000000000006', 1, 'ADULT', 'Сухой корм для собак', 'Вкус курицы', 1, 1, false,  false,  false,  false,  false,  false,  false, false, 'description here'),
(97, 5, 'M', 'Brit', '0000000000007', 1.5, 'OLD', 'Сухой корм для собак', 'Вкус курицы', 1, 1, false,  false,  false,  false,  false,  false,  false, false, 'description here'),
(98, 5, 'M', 'Brit', '0000000000008', 1.5, 'OLD', 'Сухой корм для собак', 'Вкус индейки', 1, 1, false,  false,  false,  false,  false,  false,  false, false, 'description here'),
(99, 5, 'M', 'Brit', '0000000000009', 1.5, 'OLD', 'Сухой корм для собак', 'Вкус морепродуктов', 1, 1, false,  false,  false,  false,  false,  false,  false, false, 'description here'),
(100, 5, 'XL', 'Brit', '0000000000001', 0.5, 'BABY', 'Сухой корм для собак', 'Вкус курицы', 1, 1, false,  false,  false,  false,  false,  false,  false, false, 'description here'),
(101, 5, 'XL', 'Brit', '0000000000002', 0.5, 'BABY', 'Сухой корм для собак', 'Вкус индейки', 1, 1, false,  false,  false,  false,  false,  false,  false, false, 'description here'),
(102, 5, 'XL', 'Brit', '0000000000003', 0.5, 'BABY', 'Сухой корм для собак', 'Вкус морковки', 1, 1, false,  false,  false,  false,  false,  false,  false, false, 'description here'),
(103, 5, 'XL', 'Brit', '0000000000004', 1, 'ADULT', 'Сухой корм для собак', 'Вкус ветчины', 1, 1, false,  false,  false,  false,  false,  false,  false, false, 'description here'),
(104, 5, 'XL', 'Brit', '0000000000005', 1, 'ADULT', 'Сухой корм для собак', 'Вкус морепродуктов', 1, 1, false,  false,  false,  false,  false,  false,  false, false, 'description here'),
(105, 5, 'XL', 'Brit', '0000000000006', 1, 'ADULT', 'Сухой корм для собак', 'Вкус курицы', 1, 1, false,  false,  false,  false,  false,  false,  false, false, 'description here'),
(106, 5, 'XL', 'Brit', '0000000000007', 1.5, 'OLD', 'Сухой корм для собак', 'Вкус курицы', 1, 1, false,  false,  false,  false,  false,  false,  false, false, 'description here'),
(107, 5, 'XL', 'Brit', '0000000000008', 1.5, 'OLD', 'Сухой корм для собак', 'Вкус индейки', 1, 1, false,  false,  false,  false,  false,  false,  false, false, 'description here'),
(108, 5, 'XL', 'Brit', '0000000000009', 1.5, 'OLD', 'Сухой корм для собак', 'Вкус морепродуктов', 1, 1, false,  false,  false,  false,  false,  false,  false, false, 'description here'),
(109, 5, 'XS', 'Purina', '0000000000001', 0.5, 'BABY', 'Жидкий корм для собак', 'Вкус курицы', 1, 2, false,  false,  false,  false,  false,  false,  false, false, 'description here'),
(110, 5, 'XS', 'Purina', '0000000000002', 0.5, 'BABY', 'Жидкий корм для собак', 'Вкус индейки', 1, 2, false,  false,  false,  false,  false,  false,  false, false, 'description here'),
(111, 5, 'XS', 'Purina', '0000000000003', 0.5, 'BABY', 'Жидкий корм для собак', 'Вкус морковки', 1, 2, false,  false,  false,  false,  false,  false,  false, false, 'description here'),
(112, 5, 'XS', 'Purina', '0000000000004', 1, 'ADULT', 'Жидкий корм для собак', 'Вкус ветчины', 1, 2, false,  false,  false,  false,  false,  false,  false, false, 'description here'),
(113, 5, 'XS', 'Purina', '0000000000005', 1, 'ADULT', 'Жидкий корм для собак', 'Вкус морепродуктов', 1, 2, false,  false,  false,  false,  false,  false,  false, false, 'description here'),
(114, 5, 'XS', 'Purina', '0000000000006', 1, 'ADULT', 'Жидкий корм для собак', 'Вкус курицы', 1, 2, false,  false,  false,  false,  false,  false,  false, false, 'description here'),
(115, 5, 'XS', 'Purina', '0000000000007', 1.5, 'OLD', 'Жидкий корм для собак', 'Вкус курицы', 1, 2, false,  false,  false,  false,  false,  false,  false, false, 'description here'),
(116, 5, 'XS', 'Purina', '0000000000008', 1.5, 'OLD', 'Жидкий корм для собак', 'Вкус индейки', 1, 2, false,  false,  false,  false,  false,  false,  false, false, 'description here'),
(117, 5, 'XS', 'Purina', '0000000000009', 1.5, 'OLD', 'Жидкий корм для собак', 'Вкус морепродуктов', 1, 2, false,  false,  false,  false,  false,  false,  false, false, 'description here'),
(118, 5, 'S', 'Purina', '0000000000001', 0.5, 'BABY', 'Жидкий корм для собак', 'Вкус курицы', 1, 2, false,  false,  false,  false,  false,  false,  false, false, 'description here'),
(119, 5, 'S', 'Purina', '0000000000002', 0.5, 'BABY', 'Жидкий корм для собак', 'Вкус индейки', 1, 2, false,  false,  false,  false,  false,  false,  false, false, 'description here'),
(120, 5, 'S', 'Purina', '0000000000003', 0.5, 'BABY', 'Жидкий корм для собак', 'Вкус морковки', 1, 2, false,  false,  false,  false,  false,  false,  false, false, 'description here'),
(121, 5, 'S', 'Purina', '0000000000004', 1, 'ADULT', 'Жидкий корм для собак', 'Вкус ветчины', 1, 2, false,  false,  false,  false,  false,  false,  false, false, 'description here'),
(122, 5, 'S', 'Purina', '0000000000005', 1, 'ADULT', 'Жидкий корм для собак', 'Вкус морепродуктов', 1, 2, false,  false,  false,  false,  false,  false,  false, false, 'description here'),
(123, 5, 'S', 'Purina', '0000000000006', 1, 'ADULT', 'Жидкий корм для собак', 'Вкус курицы', 1, 2, false,  false,  false,  false,  false,  false,  false, false, 'description here'),
(124, 5, 'S', 'Purina', '0000000000007', 1.5, 'OLD', 'Жидкий корм для собак', 'Вкус курицы', 1, 2, false,  false,  false,  false,  false,  false,  false, false, 'description here'),
(125, 5, 'S', 'Purina', '0000000000008', 1.5, 'OLD', 'Жидкий корм для собак', 'Вкус индейки', 1, 2, false,  false,  false,  false,  false,  false,  false, false, 'description here'),
(126, 5, 'S', 'Purina', '0000000000009', 1.5, 'OLD', 'Жидкий корм для собак', 'Вкус морепродуктов', 1, 2, false,  false,  false,  false,  false,  false,  false, false, 'description here'),
(127, 5, 'M', 'Purina', '0000000000001', 0.5, 'BABY', 'Жидкий корм для собак', 'Вкус курицы', 1, 2, false,  false,  false,  false,  false,  false,  false, false, 'description here'),
(128, 5, 'M', 'Purina', '0000000000002', 0.5, 'BABY', 'Жидкий корм для собак', 'Вкус индейки', 1, 2, false,  false,  false,  false,  false,  false,  false, false, 'description here'),
(129, 5, 'M', 'Purina', '0000000000003', 0.5, 'BABY', 'Жидкий корм для собак', 'Вкус морковки', 1, 2, false,  false,  false,  false,  false,  false,  false, false, 'description here'),
(130, 5, 'M', 'Purina', '0000000000004', 1, 'ADULT', 'Жидкий корм для собак', 'Вкус ветчины', 1, 2, false,  false,  false,  false,  false,  false,  false, false, 'description here'),
(131, 5, 'M', 'Purina', '0000000000005', 1, 'ADULT', 'Жидкий корм для собак', 'Вкус морепродуктов', 1, 2, false,  false,  false,  false,  false,  false,  false, false, 'description here'),
(132, 5, 'M', 'Purina', '0000000000006', 1, 'ADULT', 'Жидкий корм для собак', 'Вкус курицы', 1, 2, false,  false,  false,  false,  false,  false,  false, false, 'description here'),
(133, 5, 'M', 'Purina', '0000000000007', 1.5, 'OLD', 'Жидкий корм для собак', 'Вкус курицы', 1, 2, false,  false,  false,  false,  false,  false,  false, false, 'description here'),
(134, 5, 'M', 'Purina', '0000000000008', 1.5, 'OLD', 'Жидкий корм для собак', 'Вкус индейки', 1, 2, false,  false,  false,  false,  false,  false,  false, false, 'description here'),
(135, 5, 'M', 'Purina', '0000000000009', 1.5, 'OLD', 'Жидкий корм для собак', 'Вкус морепродуктов', 1, 2, false,  false,  false,  false,  false,  false,  false, false, 'description here'),
(136, 5, 'XL', 'Purina', '0000000000001', 0.5, 'BABY', 'Жидкий корм для собак', 'Вкус курицы', 1, 2, false,  false,  false,  false,  false,  false,  false, false, 'description here'),
(137, 5, 'XL', 'Purina', '0000000000002', 0.5, 'BABY', 'Жидкий корм для собак', 'Вкус индейки', 1, 2, false,  false,  false,  false,  false,  false,  false, false, 'description here'),
(138, 5, 'XL', 'Purina', '0000000000003', 0.5, 'BABY', 'Жидкий корм для собак', 'Вкус морковки', 1, 2, false,  false,  false,  false,  false,  false,  false, false, 'description here'),
(139, 5, 'XL', 'Purina', '0000000000004', 1, 'ADULT', 'Жидкий корм для собак', 'Вкус ветчины', 1, 2, false,  false,  false,  false,  false,  false,  false, false, 'description here'),
(140, 5, 'XL', 'Purina', '0000000000005', 1, 'ADULT', 'Жидкий корм для собак', 'Вкус морепродуктов', 1, 2, false,  false,  false,  false,  false,  false,  false, false, 'description here'),
(141, 5, 'XL', 'Purina', '0000000000006', 1, 'ADULT', 'Жидкий корм для собак', 'Вкус курицы', 1, 2, false,  false,  false,  false,  false,  false,  false, false, 'description here'),
(142, 5, 'XL', 'Purina', '0000000000007', 1.5, 'OLD', 'Жидкий корм для собак', 'Вкус курицы', 1, 2, false,  false,  false,  false,  false,  false,  false, false, 'description here'),
(271, 5, 'XL', 'Purina', '0000000000008', 1.5, 'OLD', 'Жидкий корм для собак', 'Вкус индейки', 1, 2, false,  false,  false,  false,  false,  false,  false, false, 'description here'),
(144, 5, 'XL', 'Purina', '0000000000009', 1.5, 'OLD', 'Жидкий корм для собак', 'Вкус морепродуктов', 1, 2, false,  false,  false,  false,  false,  false,  false, false, 'description here'),
(145, 5, 'XS', 'Royal Canin', '0000000000010', 0.5, 'BABY', 'Жидкий корм для собак', 'Вкус курицы', 1, 2, false,  false,  false,  false,  false,  false,  false, false, 'description here'),
(146, 5, 'XS', 'Royal Canin', '0000000000011', 0.5, 'BABY', 'Жидкий корм для собак', 'Вкус индейки', 1, 2, false,  false,  false,  false,  false,  false,  false, false, 'description here'),
(147, 5, 'XS', 'Royal Canin', '0000000000012', 0.5, 'BABY', 'Жидкий корм для собак', 'Вкус морепродуктов', 1, 2, false,  false,  false,  false,  false,  false,  false, false, 'description here'),
(148, 5, 'XS', 'Royal Canin', '0000000000013', 1, 'ADULT', 'Жидкий корм для собак', 'Вкус курицы', 1, 2, false,  false,  false,  false,  false,  false,  false, false, 'description here'),
(149, 5, 'XS', 'Royal Canin', '0000000000014', 1, 'ADULT', 'Жидкий корм для собак', 'Вкус ветчины', 1, 2, false,  false,  false,  false,  false,  false,  false, false, 'description here'),
(150, 5, 'XS', 'Royal Canin', '0000000000015', 1, 'ADULT', 'Жидкий корм для собак', 'Вкус морепродуктов', 1, 2, false,  false,  false,  false,  false,  false,  false, false, 'description here'),
(151, 5, 'XS', 'Royal Canin', '0000000000016', 1.5, 'OLD', 'Жидкий корм для собак', 'Вкус ветчины', 1, 2, false,  false,  false,  false,  false,  false,  false, false, 'description here'),
(152, 5, 'XS', 'Royal Canin', '0000000000017', 1.5, 'OLD', 'Жидкий корм для собак', 'Вкус курицы', 1, 2, false,  false,  false,  false,  false,  false,  false, false, 'description here'),
(153, 5, 'XS', 'Royal Canin', '0000000000018', 1.5, 'OLD', 'Жидкий корм для собак', 'Вкус морепродуктов', 1, 2, false,  false,  false,  false,  false,  false,  false, false, 'description here'),
(154, 5, 'XS', 'Royal Canin', '0000000000010', 0.5, 'BABY', 'Жидкий корм для собак', 'Вкус курицы', 1, 2, false,  false,  false,  false,  false,  false,  false, false, 'description here'),
(155, 5, 'S', 'Royal Canin', '0000000000011', 0.5, 'BABY', 'Жидкий корм для собак', 'Вкус индейки', 1, 2, false,  false,  false,  false,  false,  false,  false, false, 'description here'),
(156, 5, 'S', 'Royal Canin', '0000000000012', 0.5, 'BABY', 'Жидкий корм для собак', 'Вкус морепродуктов', 1, 2, false,  false,  false,  false,  false,  false,  false, false, 'description here'),
(157, 5, 'S', 'Royal Canin', '0000000000013', 1, 'ADULT', 'Жидкий корм для собак', 'Вкус курицы', 1, 2, false,  false,  false,  false,  false,  false,  false, false, 'description here'),
(158, 5, 'S', 'Royal Canin', '0000000000014', 1, 'ADULT', 'Жидкий корм для собак', 'Вкус ветчины', 1, 2, false,  false,  false,  false,  false,  false,  false, false, 'description here'),
(159, 5, 'S', 'Royal Canin', '0000000000015', 1, 'ADULT', 'Жидкий корм для собак', 'Вкус морепродуктов', 1, 2, false,  false,  false,  false,  false,  false,  false, false, 'description here'),
(160, 5, 'S', 'Royal Canin', '0000000000016', 1.5, 'OLD', 'Жидкий корм для собак', 'Вкус ветчины', 1, 2, false,  false,  false,  false,  false,  false,  false, false, 'description here'),
(161, 5, 'S', 'Royal Canin', '0000000000017', 1.5, 'OLD', 'Жидкий корм для собак', 'Вкус курицы', 1, 2, false,  false,  false,  false,  false,  false,  false, false, 'description here'),
(162, 5, 'S', 'Royal Canin', '0000000000018', 1.5, 'OLD', 'Жидкий корм для собак', 'Вкус морепродуктов', 1, 2, false,  false,  false,  false,  false,  false,  false, false, 'description here'),
(163, 5, 'M', 'Royal Canin', '0000000000010', 0.5, 'BABY', 'Жидкий корм для собак', 'Вкус курицы', 1, 2, false,  false,  false,  false,  false,  false,  false, false, 'description here'),
(164, 5, 'M', 'Royal Canin', '0000000000011', 0.5, 'BABY', 'Жидкий корм для собак', 'Вкус индейки', 1, 2, false,  false,  false,  false,  false,  false,  false, false, 'description here'),
(165, 5, 'M', 'Royal Canin', '0000000000012', 0.5, 'BABY', 'Жидкий корм для собак', 'Вкус морепродуктов', 1, 2, false,  false,  false,  false,  false,  false,  false, false, 'description here'),
(166, 5, 'M', 'Royal Canin', '0000000000013', 1, 'ADULT', 'Жидкий корм для собак', 'Вкус курицы', 1, 2, false,  false,  false,  false,  false,  false,  false, false, 'description here'),
(167, 5, 'M', 'Royal Canin', '0000000000014', 1, 'ADULT', 'Жидкий корм для собак', 'Вкус ветчины', 1, 2, false,  false,  false,  false,  false,  false,  false, false, 'description here'),
(168, 5, 'M', 'Royal Canin', '0000000000015', 1, 'ADULT', 'Жидкий корм для собак', 'Вкус морепродуктов', 1, 2, false,  false,  false,  false,  false,  false,  false, false, 'description here'),
(169, 5, 'M', 'Royal Canin', '0000000000016', 1.5, 'OLD', 'Жидкий корм для собак', 'Вкус ветчины', 1, 2, false,  false,  false,  false,  false,  false,  false, false, 'description here'),
(170, 5, 'M', 'Royal Canin', '0000000000017', 1.5, 'OLD', 'Жидкий корм для собак', 'Вкус курицы', 1, 2, false,  false,  false,  false,  false,  false,  false, false, 'description here'),
(171, 5, 'M', 'Royal Canin', '0000000000018', 1.5, 'OLD', 'Жидкий корм для собак', 'Вкус морепродуктов', 1, 2, false,  false,  false,  false,  false,  false,  false, false, 'description here'),
(172, 5, 'XL', 'Royal Canin', '0000000000010', 0.5, 'BABY', 'Жидкий корм для собак', 'Вкус курицы', 1, 2, false,  false,  false,  false,  false,  false,  false, false, 'description here'),
(173, 5, 'XL', 'Royal Canin', '0000000000011', 0.5, 'BABY', 'Жидкий корм для собак', 'Вкус индейки', 1, 2, false,  false,  false,  false,  false,  false,  false, false, 'description here'),
(174, 5, 'XL', 'Royal Canin', '0000000000012', 0.5, 'BABY', 'Жидкий корм для собак', 'Вкус морепродуктов', 1, 2, false,  false,  false,  false,  false,  false,  false, false, 'description here'),
(175, 5, 'XL', 'Royal Canin', '0000000000013', 1, 'ADULT', 'Жидкий корм для собак', 'Вкус курицы', 1, 2, false,  false,  false,  false,  false,  false,  false, false, 'description here'),
(176, 5, 'XL', 'Royal Canin', '0000000000014', 1, 'ADULT', 'Жидкий корм для собак', 'Вкус ветчины', 1, 2, false,  false,  false,  false,  false,  false,  false, false, 'description here'),
(177, 5, 'XL', 'Royal Canin', '0000000000015', 1, 'ADULT', 'Жидкий корм для собак', 'Вкус морепродуктов', 1, 2, false,  false,  false,  false,  false,  false,  false, false, 'description here'),
(178, 5, 'XL', 'Royal Canin', '0000000000016', 1.5, 'OLD', 'Жидкий корм для собак', 'Вкус ветчины', 1, 2, false,  false,  false,  false,  false,  false,  false, false, 'description here'),
(179, 5, 'XL', 'Royal Canin', '0000000000017', 1.5, 'OLD', 'Жидкий корм для собак', 'Вкус курицы', 1, 2, false,  false,  false,  false,  false,  false,  false, false, 'description here'),
(180, 5, 'XL', 'Royal Canin', '0000000000018', 1.5, 'OLD', 'Жидкий корм для собак', 'Вкус морепродуктов', 1, 2, false,  false,  false,  false,  false,  false,  false, false, 'description here'),
(181, 5, 'XS', 'Brit', '0000000000001', 0.5, 'BABY', 'Жидкий корм для собак', 'Вкус курицы', 1, 2, false,  false,  false,  false,  false,  false,  false, false, 'description here'),
(182, 5, 'XS', 'Brit', '0000000000002', 0.5, 'BABY', 'Жидкий корм для собак', 'Вкус индейки', 1, 2, false,  false,  false,  false,  false,  false,  false, false, 'description here'),
(183, 5, 'XS', 'Brit', '0000000000003', 0.5, 'BABY', 'Жидкий корм для собак', 'Вкус морковки', 1, 2, false,  false,  false,  false,  false,  false,  false, false, 'description here'),
(184, 5, 'XS', 'Brit', '0000000000004', 1, 'ADULT', 'Жидкий корм для собак', 'Вкус ветчины', 1, 2, false,  false,  false,  false,  false,  false,  false, false, 'description here'),
(185, 5, 'XS', 'Brit', '0000000000005', 1, 'ADULT', 'Жидкий корм для собак', 'Вкус морепродуктов', 1, 2, false,  false,  false,  false,  false,  false,  false, false, 'description here'),
(186, 5, 'XS', 'Brit', '0000000000006', 1, 'ADULT', 'Жидкий корм для собак', 'Вкус курицы', 1, 2, false,  false,  false,  false,  false,  false,  false, false, 'description here'),
(187,5, 'XS', 'Brit', '0000000000007', 1.5, 'OLD', 'Жидкий корм для собак', 'Вкус курицы', 1, 2, false,  false,  false,  false,  false,  false,  false, false, 'description here'),
(188, 5, 'XS', 'Brit', '0000000000008', 1.5, 'OLD', 'Жидкий корм для собак', 'Вкус индейки', 1, 2, false,  false,  false,  false,  false,  false,  false, false, 'description here'),
(189, 5, 'XS', 'Brit', '0000000000009', 1.5, 'OLD', 'Жидкий корм для собак', 'Вкус морепродуктов', 1, 2, false,  false,  false,  false,  false,  false,  false, false, 'description here'),
(190, 5, 'S', 'Brit', '0000000000001', 0.5, 'BABY', 'Жидкий корм для собак', 'Вкус курицы', 1, 2, false,  false,  false,  false,  false,  false,  false, false, 'description here'),
(191, 5, 'S', 'Brit', '0000000000002', 0.5, 'BABY', 'Жидкий корм для собак', 'Вкус индейки', 1, 2, false,  false,  false,  false,  false,  false,  false, false, 'description here'),
(192, 5, 'S', 'Brit', '0000000000003', 0.5, 'BABY', 'Жидкий корм для собак', 'Вкус морковки', 1, 2, false,  false,  false,  false,  false,  false,  false, false, 'description here'),
(193, 5, 'S', 'Brit', '0000000000004', 1, 'ADULT', 'Жидкий корм для собак', 'Вкус ветчины', 1, 2, false,  false,  false,  false,  false,  false,  false, false, 'description here'),
(194, 5, 'S', 'Brit', '0000000000005', 1, 'ADULT', 'Жидкий корм для собак', 'Вкус морепродуктов', 1, 2, false,  false,  false,  false,  false,  false,  false, false, 'description here'),
(195, 5, 'S', 'Brit', '0000000000006', 1, 'ADULT', 'Жидкий корм для собак', 'Вкус курицы', 1, 2, false,  false,  false,  false,  false,  false,  false, false, 'description here'),
(196, 5, 'S', 'Brit', '0000000000007', 1.5, 'OLD', 'Жидкий корм для собак', 'Вкус курицы', 1, 2, false,  false,  false,  false,  false,  false,  false, false, 'description here'),
(197, 5, 'S', 'Brit', '0000000000008', 1.5, 'OLD', 'Жидкий корм для собак', 'Вкус индейки', 1, 2, false,  false,  false,  false,  false,  false,  false, false, 'description here'),
(198, 5, 'S', 'Brit', '0000000000009', 1.5, 'OLD', 'Жидкий корм для собак', 'Вкус морепродуктов', 1, 2, false,  false,  false,  false,  false,  false,  false, false, 'description here'),
(199, 5, 'M', 'Brit', '0000000000001', 0.5, 'BABY', 'Жидкий корм для собак', 'Вкус курицы', 1, 2, false,  false,  false,  false,  false,  false,  false, false, 'description here'),
(200, 5, 'M', 'Brit', '0000000000002', 0.5, 'BABY', 'Жидкий корм для собак', 'Вкус индейки', 1, 2, false,  false,  false,  false,  false,  false,  false, false, 'description here'),
(201, 5, 'M', 'Brit', '0000000000003', 0.5, 'BABY', 'Жидкий корм для собак', 'Вкус морковки', 1, 2, false,  false,  false,  false,  false,  false,  false, false, 'description here'),
(202, 5, 'M', 'Brit', '0000000000004', 1, 'ADULT', 'Жидкий корм для собак', 'Вкус ветчины', 1, 2, false,  false,  false,  false,  false,  false,  false, false, 'description here'),
(203, 5, 'M', 'Brit', '0000000000005', 1, 'ADULT', 'Жидкий корм для собак', 'Вкус морепродуктов', 1, 2, false,  false,  false,  false,  false,  false,  false, false, 'description here'),
(204, 5, 'M', 'Brit', '0000000000006', 1, 'ADULT', 'Жидкий корм для собак', 'Вкус курицы', 1, 2, false,  false,  false,  false,  false,  false,  false, false, 'description here'),
(205, 5, 'M', 'Brit', '0000000000007', 1.5, 'OLD', 'Жидкий корм для собак', 'Вкус курицы', 1, 2, false,  false,  false,  false,  false,  false,  false, false, 'description here'),
(206, 5, 'M', 'Brit', '0000000000008', 1.5, 'OLD', 'Жидкий корм для собак', 'Вкус индейки', 1, 2, false,  false,  false,  false,  false,  false,  false, false, 'description here'),
(207, 5, 'M', 'Brit', '0000000000009', 1.5, 'OLD', 'Жидкий корм для собак', 'Вкус морепродуктов', 1, 2, false,  false,  false,  false,  false,  false,  false, false, 'description here'),
(208, 5, 'XL', 'Brit', '0000000000001', 0.5, 'BABY', 'Жидкий корм для собак', 'Вкус курицы', 1, 2, false,  false,  false,  false,  false,  false,  false, false, 'description here'),
(209, 5, 'XL', 'Brit', '0000000000002', 0.5, 'BABY', 'Жидкий корм для собак', 'Вкус индейки', 1, 2, false,  false,  false,  false,  false,  false,  false, false, 'description here'),
(210, 5, 'XL', 'Brit', '0000000000003', 0.5, 'BABY', 'Жидкий корм для собак', 'Вкус морковки', 1, 2, false,  false,  false,  false,  false,  false,  false, false, 'description here'),
(211, 5, 'XL', 'Brit', '0000000000004', 1, 'ADULT', 'Жидкий корм для собак', 'Вкус ветчины', 1, 2, false,  false,  false,  false,  false,  false,  false, false, 'description here'),
(212, 5, 'XL', 'Brit', '0000000000005', 1, 'ADULT', 'Жидкий корм для собак', 'Вкус морепродуктов', 1, 2, false,  false,  false,  false,  false,  false,  false, false, 'description here'),
(213, 5, 'XL', 'Brit', '0000000000006', 1, 'ADULT', 'Жидкий корм для собак', 'Вкус курицы', 1, 2, false,  false,  false,  false,  false,  false,  false, false, 'description here'),
(214, 5, 'XL', 'Brit', '0000000000007', 1.5, 'OLD', 'Жидкий корм для собак', 'Вкус курицы', 1, 2, false,  false,  false,  false,  false,  false,  false, false, 'description here'),
(215, 5, 'XL', 'Brit', '0000000000008', 1.5, 'OLD', 'Жидкий корм для собак', 'Вкус индейки', 1, 2, false,  false,  false,  false,  false,  false,  false, false, 'description here'),
(216, 5, 'XL', 'Brit', '0000000000009', 1.5, 'OLD', 'Жидкий корм для собак', 'Вкус морепродуктов', 1, 2, false,  false,  false,  false,  false,  false,  false, false, 'description here');


INSERT INTO pf_sku_items (id, amount_in_package, brand, ean_code, package_weight_kilos, pet_group, sku_name, taste, animal_category_id, food_type_id, grain_less, for_pregnant, for_castrated, for_great_fur_and_skin, for_great_bones_and_joints, for_sensitive_digestion, best_before_months, bestseller, description ) VALUES
(217, 5, 'Purina', '0000000000001', 0.5, 'BABY', 'Сухой корм для котов', 'Вкус курицы', 2, 1, false,  false,  false,  false,  false,  false,  false, false, 'description here'),
(218, 5, 'Purina', '0000000000002', 0.5, 'BABY', 'Сухой корм для котов', 'Вкус индейки', 2, 1, false,  false,  false,  false,  false,  false,  false, false, 'description here'),
(219, 5, 'Purina', '0000000000003', 0.5, 'BABY', 'Сухой корм для котов', 'Вкус морковки', 2, 1, false,  false,  false,  false,  false,  false,  false, false, 'description here'),
(220, 5, 'Purina', '0000000000004', 1, 'ADULT', 'Сухой корм для котов', 'Вкус ветчины', 2, 1, false,  false,  false,  false,  false,  false,  false, false, 'description here'),
(221, 5, 'Purina', '0000000000005', 1, 'ADULT', 'Сухой корм для котов', 'Вкус морепродуктов', 2, 1, false,  false,  false,  false,  false,  false,  false, false, 'description here'),
(222, 5, 'Purina', '0000000000006', 1, 'ADULT', 'Сухой корм для котов', 'Вкус курицы', 2, 1, false,  false,  false,  false,  false,  false,  false, false, 'description here'),
(223, 5, 'Purina', '0000000000007', 1.5, 'OLD', 'Сухой корм для котов', 'Вкус курицы', 2, 1, false,  false,  false,  false,  false,  false,  false, false, 'description here'),
(224, 5, 'Purina', '0000000000008', 1.5, 'OLD', 'Сухой корм для котов', 'Вкус индейки', 2, 1, false,  false,  false,  false,  false,  false,  false, false, 'description here'),
(225, 5, 'Purina', '0000000000009', 1.5, 'OLD', 'Сухой корм для котов', 'Вкус морепродуктов', 2, 1, false,  false,  false,  false,  false,  false,  false, false, 'description here'),
(226, 5, 'Royal Canin', '0000000000010', 0.5, 'BABY', 'Сухой корм для котов', 'Вкус курицы', 2, 1, false,  false,  false,  false,  false,  false,  false, false, 'description here'),
(227, 5, 'Royal Canin', '0000000000011', 0.5, 'BABY', 'Сухой корм для котов', 'Вкус индейки', 2, 1, false,  false,  false,  false,  false,  false,  false, false, 'description here'),
(228, 5, 'Royal Canin', '0000000000012', 0.5, 'BABY', 'Сухой корм для котов', 'Вкус морепродуктов', 2, 1, false,  false,  false,  false,  false,  false,  false, false, 'description here'),
(229, 5, 'Royal Canin', '0000000000013', 1, 'ADULT', 'Сухой корм для котов', 'Вкус курицы', 2, 1, false,  false,  false,  false,  false,  false,  false, false, 'description here'),
(230, 5, 'Royal Canin', '0000000000014', 1, 'ADULT', 'Сухой корм для котов', 'Вкус ветчины', 2, 1, false,  false,  false,  false,  false,  false,  false, false, 'description here'),
(231, 5, 'Royal Canin', '0000000000015', 1, 'ADULT', 'Сухой корм для котов', 'Вкус морепродуктов', 2, 1, false,  false,  false,  false,  false,  false,  false, false, 'description here'),
(232, 5, 'Royal Canin', '0000000000016', 1.5, 'OLD', 'Сухой корм для котов', 'Вкус ветчины', 2, 1, false,  false,  false,  false,  false,  false,  false, false, 'description here'),
(233, 5, 'Royal Canin', '0000000000017', 1.5, 'OLD', 'Сухой корм для котов', 'Вкус курицы', 2, 1, false,  false,  false,  false,  false,  false,  false, false, 'description here'),
(234, 5, 'Royal Canin', '0000000000018', 1.5, 'OLD', 'Сухой корм для котов', 'Вкус морепродуктов', 2, 1, false,  false,  false,  false,  false,  false,  false, false, 'description here'),
(235, 5, 'Brit', '0000000000001', 0.5, 'BABY', 'Сухой корм для котов', 'Вкус курицы', 2, 1, false,  false,  false,  false,  false,  false,  false, false, 'description here'),
(236, 5, 'Brit', '0000000000002', 0.5, 'BABY', 'Сухой корм для котов', 'Вкус индейки', 2, 1, false,  false,  false,  false,  false,  false,  false, false, 'description here'),
(237, 5, 'Brit', '0000000000003', 0.5, 'BABY', 'Сухой корм для котов', 'Вкус морковки', 2, 1, false,  false,  false,  false,  false,  false,  false, false, 'description here'),
(238, 5, 'Brit', '0000000000004', 1, 'ADULT', 'Сухой корм для котов', 'Вкус ветчины', 2, 1, false,  false,  false,  false,  false,  false,  false, false, 'description here'),
(239, 5, 'Brit', '0000000000005', 1, 'ADULT', 'Сухой корм для котов', 'Вкус морепродуктов', 2, 1, false,  false,  false,  false,  false,  false,  false, false, 'description here'),
(240, 5, 'Brit', '0000000000006', 1, 'ADULT', 'Сухой корм для котов', 'Вкус курицы', 2, 1, false,  false,  false,  false,  false,  false,  false, false, 'description here'),
(241, 5, 'Brit', '0000000000007', 1.5, 'OLD', 'Сухой корм для котов', 'Вкус курицы', 2, 1, false,  false,  false,  false,  false,  false,  false, false, 'description here'),
(242, 5, 'Brit', '0000000000008', 1.5, 'OLD', 'Сухой корм для котов', 'Вкус индейки', 2, 1, false,  false,  false,  false,  false,  false,  false, false, 'description here'),
(243, 5, 'Brit', '0000000000009', 1.5, 'OLD', 'Сухой корм для котов', 'Вкус морепродуктов', 2, 1, false,  false,  false,  false,  false,  false,  false, false, 'description here'),
(244, 5, 'Purina', '0000000000001', 0.5, 'BABY', 'Жидкий корм для котов', 'Вкус курицы', 2, 2, false,  false,  false,  false,  false,  false,  false, false, 'description here'),
(245, 5, 'Purina', '0000000000002', 0.5, 'BABY', 'Жидкий корм для котов', 'Вкус индейки', 2, 2, false,  false,  false,  false,  false,  false,  false, false, 'description here'),
(246, 5, 'Purina', '0000000000003', 0.5, 'BABY', 'Жидкий корм для котов', 'Вкус морковки', 2, 2, false,  false,  false,  false,  false,  false,  false, false, 'description here'),
(247, 5, 'Purina', '0000000000004', 1, 'ADULT', 'Жидкий корм для котов', 'Вкус ветчины', 2, 2, false,  false,  false,  false,  false,  false,  false, false, 'description here'),
(248, 5, 'Purina', '0000000000005', 1, 'ADULT', 'Жидкий корм для котов', 'Вкус морепродуктов', 2, 2, false,  false,  false,  false,  false,  false,  false, false, 'description here'),
(249, 5, 'Purina', '0000000000006', 1, 'ADULT', 'Жидкий корм для котов', 'Вкус курицы', 2, 2, false,  false,  false,  false,  false,  false,  false, false, 'description here'),
(250, 5, 'Purina', '0000000000007', 1.5, 'OLD', 'Жидкий корм для котов', 'Вкус курицы', 2, 2, false,  false,  false,  false,  false,  false,  false, false, 'description here'),
(251, 5, 'Purina', '0000000000008', 1.5, 'OLD', 'Жидкий корм для котов', 'Вкус индейки', 2, 2, false,  false,  false,  false,  false,  false,  false, false, 'description here'),
(252, 5, 'Purina', '0000000000009', 1.5, 'OLD', 'Жидкий корм для котов', 'Вкус морепродуктов', 2, 2, false,  false,  false,  false,  false,  false,  false, false, 'description here'),
(253, 5, 'Royal Canin', '0000000000010', 0.5, 'BABY', 'Жидкий корм для котов', 'Вкус курицы', 2, 2, false,  false,  false,  false,  false,  false,  false, false, 'description here'),
(254, 5, 'Royal Canin', '0000000000011', 0.5, 'BABY', 'Жидкий корм для котов', 'Вкус индейки', 2, 2, false,  false,  false,  false,  false,  false,  false, false, 'description here'),
(255, 5, 'Royal Canin', '0000000000012', 0.5, 'BABY', 'Жидкий корм для котов', 'Вкус морепродуктов', 2, 2, false,  false,  false,  false,  false,  false,  false, false, 'description here'),
(256, 5, 'Royal Canin', '0000000000013', 1, 'ADULT', 'Жидкий корм для котов', 'Вкус курицы', 2, 2, false,  false,  false,  false,  false,  false,  false, false, 'description here'),
(257, 5, 'Royal Canin', '0000000000014', 1, 'ADULT', 'Жидкий корм для котов', 'Вкус ветчины', 2, 2, false,  false,  false,  false,  false,  false,  false, false, 'description here'),
(258, 5, 'Royal Canin', '0000000000015', 1, 'ADULT', 'Жидкий корм для котов', 'Вкус морепродуктов', 2, 2, false,  false,  false,  false,  false,  false,  false, false, 'description here'),
(259, 5, 'Royal Canin', '0000000000016', 1.5, 'OLD', 'Жидкий корм для котов', 'Вкус ветчины', 2, 2, false,  false,  false,  false,  false,  false,  false, false, 'description here'),
(260, 5, 'Royal Canin', '0000000000017', 1.5, 'OLD', 'Жидкий корм для котов', 'Вкус курицы', 2, 2, false,  false,  false,  false,  false,  false,  false, false, 'description here'),
(261, 5, 'Royal Canin', '0000000000018', 1.5, 'OLD', 'Жидкий корм для котов', 'Вкус морепродуктов', 2, 2, false,  false,  false,  false,  false,  false,  false, false, 'description here'),
(262, 5, 'Brit', '0000000000001', 0.5, 'BABY', 'Жидкий корм для котов', 'Вкус курицы', 2, 2, false,  false,  false,  false,  false,  false,  false, false, 'description here'),
(263, 5, 'Brit', '0000000000002', 0.5, 'BABY', 'Жидкий корм для котов', 'Вкус индейки', 2, 2, false,  false,  false,  false,  false,  false,  false, false, 'description here'),
(264, 5, 'Brit', '0000000000003', 0.5, 'BABY', 'Жидкий корм для котов', 'Вкус морковки', 2, 2, false,  false,  false,  false,  false,  false,  false, false, 'description here'),
(265, 5, 'Brit', '0000000000004', 1, 'ADULT', 'Жидкий корм для котов', 'Вкус ветчины', 2, 2, false,  false,  false,  false,  false,  false,  false, false, 'description here'),
(266, 5, 'Brit', '0000000000005', 1, 'ADULT', 'Жидкий корм для котов', 'Вкус морепродуктов', 2, 2, false,  false,  false,  false,  false,  false,  false, false, 'description here'),
(267, 5, 'Brit', '0000000000006', 1, 'ADULT', 'Жидкий корм для котов', 'Вкус курицы', 2, 2, false,  false,  false,  false,  false,  false,  false, false, 'description here'),
(268, 5, 'Brit', '0000000000007', 1.5, 'OLD', 'Жидкий корм для котов', 'Вкус курицы', 2, 2, false,  false,  false,  false,  false,  false,  false, false, 'description here'),
(269, 5, 'Brit', '0000000000008', 1.5, 'OLD', 'Жидкий корм для котов', 'Вкус индейки', 2, 2, false,  false,  false,  false,  false,  false,  false, false, 'description here'),
(270, 5, 'Brit', '0000000000009', 1.5, 'OLD', 'Жидкий корм для котов', 'Вкус морепродуктов', 2, 2, false,  false,  false,  false,  false,  false,  false, false, 'description here');

INSERT INTO pf_vendors (id, title) value
(1, 'vendor title 1'),
(2, 'vendor title 2');


INSERT INTO pf_sku_prices(id, base_price, selling_price, sku_item_id, vendor_id) VALUES
(1,18.21,20.21,1,1),
(2,18.22,20.22,2,1),
(3,18.23,20.23,3,1),
(4,18.24,20.24,4,1),
(5,18.25,20.25,5,1),
(6,18.26,20.26,6,1),
(7,18.27,20.27,7,1),
(8,18.28,20.28,8,1),
(9,18.29,20.29,9,1),
(10,18.3,20.3,10,1),
(11,18.31,20.31,11,1),
(12,18.32,20.32,12,1),
(13,18.33,20.33,13,1),
(14,18.34,20.34,14,1),
(15,18.35,20.35,15,1),
(16,18.36,20.36,16,1),
(17,18.37,20.37,17,1),
(18,18.38,20.38,18,1),
(19,18.39,20.39,19,1),
(20,18.4,20.4,20,1),
(21,18.41,20.41,21,1),
(22,18.42,20.42,22,1),
(23,18.43,20.43,23,1),
(24,18.44,20.44,24,1),
(25,18.45,20.45,25,1),
(26,18.46,20.46,26,1),
(27,18.47,20.47,27,1),
(28,18.48,20.48,28,1),
(29,18.49,20.49,29,1),
(30,18.5,20.5,30,1),
(31,18.51,20.51,31,1),
(32,18.52,20.52,32,1),
(33,18.53,20.53,33,1),
(34,18.54,20.54,34,1),
(35,18.55,20.55,35,1),
(36,18.56,20.56,36,1),
(37,18.57,20.57,37,1),
(38,18.58,20.58,38,1),
(39,18.59,20.59,39,1),
(40,18.6,20.6,40,1),
(41,18.61,20.61,41,1),
(42,18.62,20.62,42,1),
(43,18.63,20.63,43,1),
(44,18.64,20.64,44,1),
(45,18.65,20.65,45,1),
(46,18.66,20.66,46,1),
(47,18.67,20.67,47,1),
(48,18.68,20.68,48,1),
(49,18.69,20.69,49,1),
(50,18.7,20.7,50,1),
(51,18.71,20.71,51,1),
(52,18.72,20.72,52,1),
(53,18.73,20.73,53,1),
(54,18.74,20.74,54,1),
(55,18.75,20.75,55,1),
(56,18.76,20.76,56,1),
(57,18.77,20.77,57,1),
(58,18.78,20.78,58,1),
(59,18.79,20.79,59,1),
(60,18.8,20.8,60,1),
(61,18.81,20.81,61,1),
(62,18.82,20.82,62,1),
(63,18.83,20.83,63,1),
(64,18.84,20.84,64,1),
(65,18.85,20.85,65,1),
(66,18.86,20.86,66,1),
(67,18.87,20.87,67,1),
(68,18.88,20.88,68,1),
(69,18.89,20.89,69,1),
(70,18.9,20.9,70,1),
(71,18.91,20.91,71,1),
(72,18.92,20.92,72,1),
(73,18.93,20.93,73,1),
(74,18.94,20.94,74,1),
(75,18.95,20.95,75,1),
(76,18.96,20.96,76,1),
(77,18.97,20.97,77,1),
(78,18.98,20.98,78,1),
(79,18.99,20.99,79,1),
(80,19,21,80,1),
(81,19.01,21.01,81,1),
(82,19.02,21.02,82,1),
(83,19.03,21.03,83,1),
(84,19.04,21.04,84,1),
(85,19.05,21.05,85,1),
(86,19.06,21.06,86,1),
(87,19.07,21.07,87,1),
(88,19.08,21.08,88,1),
(89,19.09,21.09,89,1),
(90,19.1,21.1,90,1),
(91,19.11,21.11,91,1),
(92,19.12,21.12,92,1),
(93,19.13,21.13,93,1),
(94,19.14,21.14,94,1),
(95,19.15,21.15,95,1),
(96,19.16,21.16,96,1),
(97,19.17,21.17,97,1),
(98,19.18,21.18,98,1),
(99,19.19,21.19,99,1),
(100,19.2,21.2,100,1),
(101,19.21,21.21,101,1),
(102,19.22,21.22,102,1),
(103,19.23,21.23,103,1),
(104,19.24,21.24,104,1),
(105,19.25,21.25,105,1),
(106,19.26,21.26,106,1),
(107,19.27,21.27,107,1),
(108,19.28,21.28,108,1),
(109,19.29,21.29,109,1),
(110,19.3,21.3,110,1),
(111,19.31,21.31,111,1),
(112,19.32,21.32,112,1),
(113,19.33,21.33,113,1),
(114,19.34,21.34,114,1),
(115,19.35,21.35,115,1),
(116,19.36,21.36,116,1),
(117,19.37,21.37,117,1),
(118,19.38,21.38,118,1),
(119,19.39,21.39,119,1),
(120,19.4,21.4,120,1),
(121,19.41,21.41,121,1),
(122,19.42,21.42,122,1),
(123,19.43,21.43,123,2),
(124,19.44,21.44,124,2),
(125,19.45,21.45,125,2),
(126,19.46,21.46,126,2),
(127,19.47,21.47,127,2),
(128,19.48,21.48,128,2),
(129,19.49,21.49,129,2),
(130,19.5,21.5,130,2),
(131,19.51,21.51,131,2),
(132,19.52,21.52,132,2),
(133,19.53,21.53,133,2),
(134,19.54,21.54,134,2),
(135,19.55,21.55,135,2),
(136,19.56,21.56,136,2),
(137,19.57,21.57,137,2),
(138,19.58,21.58,138,2),
(139,19.59,21.59,139,2),
(140,19.6,21.6,140,2),
(141,19.61,21.61,141,2),
(142,19.62,21.62,142,2),
(143,19.63,21.63,271,2),
(144,19.64,21.64,144,2),
(145,19.65,21.65,145,2),
(146,19.66,21.66,146,2),
(147,19.67,21.67,147,2),
(148,19.68,21.68,148,2),
(149,19.69,21.69,149,2),
(150,19.7,21.7,150,2),
(151,19.71,21.71,151,2),
(152,19.72,21.72,152,2),
(153,19.73,21.73,153,2),
(154,19.74,21.74,154,2),
(155,19.75,21.75,155,2),
(156,19.76,21.76,156,2),
(157,19.77,21.77,157,2),
(158,19.78,21.78,158,2),
(159,19.79,21.79,159,2),
(160,19.8,21.8,160,2),
(161,19.81,21.81,161,2),
(162,19.82,21.82,162,2),
(163,19.83,21.83,163,2),
(164,19.84,21.84,164,2),
(165,19.85,21.85,165,2),
(166,19.86,21.86,166,2),
(167,19.87,21.87,167,2),
(168,19.88,21.88,168,2),
(169,19.89,21.89,169,2),
(170,19.9,21.9,170,2),
(171,19.91,21.91,171,2),
(172,19.92,21.92,172,2),
(173,19.93,21.93,173,2),
(174,19.94,21.94,174,2),
(175,19.95,21.95,175,2),
(176,19.96,21.96,176,2),
(177,19.97,21.97,177,2),
(178,19.98,21.98,178,2),
(179,19.99,21.99,179,2),
(180,20,22,180,2),
(181,20.01,22.01,181,2),
(182,20.02,22.02,182,2),
(183,20.03,22.03,183,2),
(184,20.04,22.04,184,2),
(185,20.05,22.05,185,2),
(186,20.06,22.06,186,2),
(187,20.07,22.07,187,2),
(188,20.08,22.08,188,2),
(189,20.09,22.09,189,2),
(190,20.1,22.1,190,2),
(191,20.11,22.11,191,2),
(192,20.12,22.12,192,2),
(193,20.13,22.13,193,2),
(194,20.14,22.14,194,2),
(195,20.15,22.15,195,2),
(196,20.16,22.16,196,2),
(197,20.17,22.17,197,2),
(198,20.18,22.18,198,2),
(199,20.19,22.19,199,2),
(200,20.2,22.2,200,2),
(201,20.21,22.21,201,2),
(202,20.22,22.22,202,2),
(203,20.23,22.23,203,2),
(204,20.24,22.24,204,2),
(205,20.25,22.25,205,2),
(206,20.26,22.26,206,2),
(207,20.27,22.27,207,2),
(208,20.28,22.28,208,2),
(209,20.29,22.29,209,2),
(210,20.3,22.3,210,2),
(211,20.31,22.31,211,2),
(212,20.32,22.32,212,2),
(213,20.33,22.33,213,2),
(214,20.34,22.34,214,2),
(215,20.35,22.35,215,2),
(216,20.36,22.36,216,2),
(217,20.37,22.37,217,2),
(218,20.38,22.38,218,2),
(219,20.39,22.39,219,2),
(220,20.4,22.4,220,2),
(221,20.41,22.41,221,2),
(222,20.42,22.42,222,2),
(223,20.43,22.43,223,2),
(224,20.44,22.44,224,2),
(225,20.45,22.45,225,2),
(226,20.46,22.46,226,2),
(227,20.47,22.47,227,2),
(228,20.48,22.48,228,2),
(229,20.49,22.49,229,2),
(230,20.5,22.5,230,2),
(231,20.51,22.51,231,2),
(232,20.52,22.52,232,2),
(233,20.53,22.53,233,2),
(234,20.54,22.54,234,2),
(235,20.55,22.55,235,2),
(236,20.56,22.56,236,2),
(237,20.57,22.57,237,2),
(238,20.58,22.58,238,2),
(239,20.59,22.59,239,2),
(240,20.6,22.6,240,2),
(241,20.61,22.61,241,2),
(242,20.62,22.62,242,2),
(243,20.63,22.63,243,2),
(244,20.64,22.64,244,2),
(245,20.65,22.65,245,2),
(246,20.66,22.66,246,2),
(247,20.67,22.67,247,2),
(248,20.68,22.68,248,2),
(249,20.69,22.69,249,2),
(250,20.7,22.7,250,2),
(251,20.71,22.71,251,2),
(252,20.72,22.72,252,2),
(253,20.73,22.73,253,2),
(254,20.74,22.74,254,2),
(255,20.75,22.75,255,2),
(256,20.76,22.76,256,2),
(257,20.77,22.77,257,2),
(258,20.78,22.78,258,2),
(259,20.79,22.79,259,2),
(260,20.8,22.8,260,2),
(261,20.81,22.81,261,2),
(262,20.82,22.82,262,2),
(263,20.83,22.83,263,2),
(264,20.84,22.84,264,2),
(265,20.85,22.85,265,2),
(266,20.86,22.86,266,2),
(267,20.87,22.87,267,2),
(268,20.88,22.88,268,2),
(269,20.89,22.89,269,2),
(270,20.9,22.9,270,2);



